,Atr1,Atr2,Atr3,Atr4,Atr5,Atr6,Atr7,Atr8,Atr9,Atr10,Atr11,Atr12,Atr13,Atr14,Atr15,Atr16,Atr17,Atr18,Atr19,Atr20,Atr21,Atr22,Atr23,Atr24,Atr25,Atr26,Atr27,Atr28,Atr29,Atr30,Atr31,Atr32,Atr33,Atr34,Atr35,Atr36,Atr37,Atr38,Atr39,Atr40,Atr41,Atr42,Atr43,Atr44,Atr45,Atr46,Atr47,Atr48,Atr49,Atr50,Atr51,Atr52,Atr53,Atr54,Class
0,Averagely,Averagely,Always,Seldom,Never,Never,Never,Never,Never,Never,Seldom,Never,Seldom,Seldom,Never,Seldom,Never,Never,Never,Seldom,Never,Never,Never,Never,Never,Never,Never,Never,Never,Seldom,Seldom,Averagely,Seldom,Averagely,Never,Seldom,Averagely,Seldom,Frequently,Frequently,Averagely,Seldom,Seldom,Averagely,Frequently,Averagely,Seldom,Frequently,Frequently,Frequently,Averagely,Frequently,Averagely,Seldom,Divorced
1,Always,Always,Always,Always,Always,Never,Never,Always,Always,Always,Always,Frequently,Always,Never,Always,Always,Always,Always,Frequently,Averagely,Seldom,Seldom,Never,Averagely,Averagely,Seldom,Averagely,Never,Seldom,Seldom,Never,Always,Averagely,Frequently,Never,Averagely,Frequently,Always,Averagely,Always,Averagely,Averagely,Frequently,Always,Averagely,Averagely,Averagely,Frequently,Always,Always,Always,Always,Averagely,Averagely,Divorced
2,Averagely,Averagely,Averagely,Averagely,Seldom,Frequently,Averagely,Seldom,Seldom,Averagely,Frequently,Always,Averagely,Frequently,Frequently,Frequently,Frequently,Frequently,Frequently,Averagely,Seldom,Never,Seldom,Averagely,Averagely,Averagely,Averagely,Averagely,Frequently,Averagely,Frequently,Frequently,Seldom,Seldom,Seldom,Seldom,Averagely,Seldom,Frequently,Frequently,Frequently,Frequently,Averagely,Frequently,Averagely,Frequently,Averagely,Frequently,Seldom,Seldom,Seldom,Averagely,Averagely,Averagely,Divorced
3,Frequently,Averagely,Frequently,Averagely,Frequently,Frequently,Frequently,Frequently,Frequently,Frequently,Always,Frequently,Frequently,Always,Frequently,Frequently,Frequently,Frequently,Frequently,Always,Seldom,Seldom,Seldom,Seldom,Averagely,Seldom,Seldom,Seldom,Seldom,Frequently,Averagely,Frequently,Averagely,Averagely,Seldom,Seldom,Frequently,Frequently,Always,Always,Averagely,Averagely,Frequently,Averagely,Frequently,Averagely,Averagely,Frequently,Frequently,Frequently,Frequently,Averagely,Averagely,Averagely,Divorced
4,Averagely,Averagely,Seldom,Seldom,Seldom,Seldom,Never,Never,Never,Never,Never,Seldom,Never,Seldom,Seldom,Seldom,Seldom,Seldom,Averagely,Seldom,Seldom,Never,Never,Never,Never,Averagely,Seldom,Averagely,Seldom,Seldom,Seldom,Seldom,Seldom,Seldom,Never,Never,Never,Never,Averagely,Seldom,Never,Averagely,Frequently,Never,Averagely,Averagely,Seldom,Averagely,Frequently,Averagely,Averagely,Averagely,Seldom,Never,Divorced
5,Never,Never,Seldom,Never,Never,Averagely,Never,Never,Never,Seldom,Never,Averagely,Seldom,Never,Averagely,Never,Averagely,Seldom,Never,Seldom,Never,Never,Never,Never,Averagely,Averagely,Never,Never,Never,Never,Always,Seldom,Seldom,Seldom,Seldom,Seldom,Seldom,Averagely,Never,Averagely,Averagely,Seldom,Averagely,Frequently,Never,Averagely,Averagely,Seldom,Averagely,Seldom,Seldom,Seldom,Averagely,Never,Divorced
6,Frequently,Frequently,Frequently,Averagely,Seldom,Frequently,Always,Frequently,Averagely,Averagely,Averagely,Averagely,Averagely,Frequently,Averagely,Frequently,Frequently,Frequently,Frequently,Averagely,Frequently,Frequently,Frequently,Frequently,Averagely,Frequently,Frequently,Averagely,Averagely,Averagely,Seldom,Averagely,Averagely,Seldom,Seldom,Averagely,Frequently,Averagely,Averagely,Frequently,Frequently,Frequently,Frequently,Always,Frequently,Frequently,Averagely,Frequently,Averagely,Frequently,Frequently,Averagely,Averagely,Averagely,Divorced
7,Averagely,Seldom,Averagely,Averagely,Averagely,Seldom,Never,Frequently,Frequently,Averagely,Always,Frequently,Averagely,Frequently,Always,Frequently,Averagely,Frequently,Averagely,Seldom,Averagely,Seldom,Seldom,Averagely,Frequently,Frequently,Averagely,Averagely,Averagely,Frequently,Seldom,Seldom,Never,Averagely,Averagely,Seldom,Always,Always,Always,Always,Always,Always,Frequently,Averagely,Never,Never,Seldom,Averagely,Averagely,Averagely,Seldom,Seldom,Seldom,Never,Divorced
8,Averagely,Averagely,Seldom,Never,Never,Always,Seldom,Frequently,Frequently,Frequently,Frequently,Frequently,Frequently,Frequently,Frequently,Frequently,Frequently,Frequently,Frequently,Frequently,Averagely,Averagely,Averagely,Frequently,Averagely,Frequently,Averagely,Frequently,Averagely,Frequently,Seldom,Seldom,Seldom,Seldom,Seldom,Seldom,Seldom,Averagely,Averagely,Averagely,Averagely,Averagely,Averagely,Averagely,Averagely,Seldom,Seldom,Seldom,Seldom,Seldom,Seldom,Seldom,Seldom,Seldom,Divorced
9,Seldom,Seldom,Seldom,Seldom,Seldom,Averagely,Never,Averagely,Averagely,Averagely,Frequently,Never,Never,Averagely,Seldom,Never,Seldom,Averagely,Seldom,Never,Never,Never,Never,Seldom,Seldom,Seldom,Seldom,Seldom,Seldom,Seldom,Seldom,Seldom,Never,Seldom,Never,Never,Seldom,Seldom,Averagely,Averagely,Seldom,Averagely,Frequently,Averagely,Averagely,Averagely,Never,Averagely,Averagely,Averagely,Averagely,Always,Frequently,Frequently,Divorced
10,Always,Always,Always,Frequently,Always,Never,Never,Always,Always,Frequently,Always,Always,Always,Always,Always,Frequently,Always,Always,Always,Always,Always,Frequently,Always,Always,Always,Always,Always,Frequently,Always,Always,Always,Always,Always,Always,Always,Always,Always,Always,Always,Always,Always,Always,Always,Always,Always,Always,Always,Always,Always,Always,Always,Always,Always,Always,Divorced
11,Always,Always,Always,Frequently,Always,Never,Never,Always,Always,Frequently,Always,Always,Always,Always,Always,Frequently,Always,Always,Always,Always,Always,Frequently,Always,Always,Always,Always,Always,Frequently,Always,Always,Always,Always,Always,Always,Always,Always,Always,Always,Always,Always,Always,Always,Always,Always,Always,Always,Always,Always,Always,Always,Always,Always,Always,Always,Divorced
12,Frequently,Always,Frequently,Always,Frequently,Never,Seldom,Always,Frequently,Always,Frequently,Always,Frequently,Always,Frequently,Always,Frequently,Always,Frequently,Always,Frequently,Always,Frequently,Always,Frequently,Always,Frequently,Always,Frequently,Always,Always,Always,Always,Always,Always,Always,Always,Always,Always,Always,Always,Always,Always,Always,Always,Always,Always,Always,Always,Always,Always,Always,Always,Always,Divorced
13,Frequently,Always,Frequently,Always,Frequently,Never,Seldom,Always,Frequently,Always,Frequently,Always,Frequently,Always,Frequently,Always,Frequently,Always,Frequently,Always,Frequently,Always,Frequently,Always,Frequently,Always,Frequently,Always,Frequently,Always,Always,Always,Always,Always,Always,Always,Always,Always,Always,Always,Always,Always,Always,Always,Always,Always,Always,Always,Always,Always,Always,Always,Always,Always,Divorced
14,Frequently,Always,Frequently,Always,Frequently,Never,Seldom,Always,Frequently,Always,Frequently,Always,Frequently,Always,Frequently,Always,Frequently,Always,Frequently,Always,Frequently,Always,Frequently,Always,Frequently,Always,Frequently,Always,Frequently,Always,Always,Always,Always,Always,Always,Always,Always,Always,Always,Always,Always,Always,Always,Frequently,Always,Always,Always,Always,Always,Always,Always,Always,Always,Always,Divorced
15,Always,Always,Frequently,Averagely,Always,Never,Never,Always,Frequently,Averagely,Always,Always,Always,Always,Frequently,Averagely,Always,Always,Always,Always,Frequently,Averagely,Always,Always,Always,Always,Frequently,Averagely,Always,Always,Always,Always,Always,Always,Always,Always,Always,Always,Always,Always,Always,Always,Always,Always,Always,Always,Always,Always,Always,Always,Always,Always,Always,Always,Divorced
16,Always,Always,Frequently,Averagely,Always,Never,Never,Always,Frequently,Averagely,Always,Always,Always,Always,Frequently,Averagely,Always,Always,Always,Always,Frequently,Averagely,Always,Always,Always,Always,Frequently,Averagely,Always,Always,Always,Always,Always,Always,Always,Always,Always,Always,Always,Always,Always,Always,Always,Always,Always,Always,Always,Always,Always,Always,Always,Always,Always,Always,Divorced
17,Always,Always,Always,Frequently,Always,Never,Never,Always,Always,Frequently,Always,Always,Always,Always,Always,Frequently,Always,Always,Always,Always,Always,Frequently,Always,Always,Always,Always,Always,Frequently,Always,Always,Always,Frequently,Always,Frequently,Always,Frequently,Always,Frequently,Always,Frequently,Always,Frequently,Always,Frequently,Always,Frequently,Always,Frequently,Always,Always,Frequently,Always,Frequently,Always,Divorced
18,Frequently,Frequently,Always,Always,Frequently,Seldom,Seldom,Frequently,Always,Always,Frequently,Frequently,Frequently,Frequently,Always,Always,Frequently,Frequently,Frequently,Frequently,Always,Always,Frequently,Frequently,Frequently,Frequently,Always,Always,Frequently,Frequently,Always,Always,Always,Always,Always,Always,Always,Always,Always,Always,Always,Always,Always,Always,Always,Always,Always,Always,Always,Always,Always,Always,Always,Always,Divorced
19,Always,Always,Always,Frequently,Always,Never,Never,Always,Always,Frequently,Always,Always,Always,Always,Always,Frequently,Always,Always,Always,Always,Always,Frequently,Always,Always,Always,Always,Always,Frequently,Always,Always,Always,Frequently,Always,Frequently,Always,Frequently,Always,Frequently,Always,Frequently,Always,Frequently,Always,Frequently,Always,Frequently,Always,Frequently,Always,Always,Frequently,Always,Frequently,Always,Divorced
20,Always,Frequently,Frequently,Frequently,Always,Seldom,Never,Frequently,Frequently,Frequently,Always,Frequently,Always,Frequently,Frequently,Frequently,Always,Frequently,Always,Frequently,Frequently,Frequently,Always,Frequently,Always,Frequently,Frequently,Frequently,Always,Frequently,Always,Always,Always,Always,Always,Always,Always,Always,Always,Always,Always,Always,Always,Always,Always,Always,Always,Always,Always,Always,Always,Always,Always,Always,Divorced
21,Always,Frequently,Frequently,Frequently,Always,Seldom,Never,Frequently,Frequently,Frequently,Always,Frequently,Always,Frequently,Frequently,Frequently,Always,Frequently,Always,Frequently,Frequently,Frequently,Always,Frequently,Always,Frequently,Frequently,Frequently,Always,Frequently,Always,Always,Always,Always,Always,Always,Always,Always,Always,Always,Always,Always,Always,Always,Always,Always,Always,Always,Always,Always,Always,Always,Always,Always,Divorced
22,Frequently,Always,Always,Always,Frequently,Never,Seldom,Always,Always,Always,Frequently,Always,Frequently,Always,Always,Always,Frequently,Always,Frequently,Always,Always,Always,Frequently,Always,Frequently,Always,Always,Always,Frequently,Always,Always,Frequently,Always,Frequently,Always,Frequently,Always,Frequently,Always,Frequently,Always,Frequently,Always,Frequently,Frequently,Frequently,Always,Frequently,Always,Always,Frequently,Always,Frequently,Always,Divorced
23,Frequently,Frequently,Frequently,Always,Frequently,Seldom,Seldom,Frequently,Frequently,Always,Frequently,Frequently,Frequently,Frequently,Frequently,Always,Frequently,Frequently,Frequently,Frequently,Frequently,Always,Frequently,Frequently,Frequently,Frequently,Frequently,Always,Frequently,Frequently,Always,Always,Always,Always,Always,Always,Always,Always,Always,Always,Always,Always,Always,Always,Always,Always,Always,Always,Always,Always,Always,Always,Always,Always,Divorced
24,Always,Averagely,Frequently,Always,Always,Averagely,Never,Averagely,Frequently,Always,Always,Averagely,Always,Averagely,Frequently,Always,Always,Averagely,Always,Averagely,Frequently,Always,Always,Averagely,Always,Averagely,Frequently,Always,Always,Averagely,Always,Always,Always,Always,Always,Always,Always,Always,Always,Always,Always,Always,Always,Always,Always,Always,Always,Always,Always,Always,Always,Always,Always,Always,Divorced
25,Frequently,Frequently,Frequently,Always,Frequently,Seldom,Seldom,Frequently,Frequently,Always,Frequently,Frequently,Frequently,Frequently,Frequently,Always,Frequently,Frequently,Frequently,Frequently,Frequently,Always,Frequently,Frequently,Frequently,Frequently,Frequently,Always,Frequently,Frequently,Always,Always,Always,Always,Always,Always,Always,Always,Always,Always,Always,Always,Always,Always,Always,Always,Always,Always,Always,Always,Always,Always,Always,Always,Divorced
26,Frequently,Frequently,Always,Frequently,Frequently,Seldom,Seldom,Frequently,Always,Frequently,Frequently,Frequently,Frequently,Frequently,Always,Frequently,Frequently,Frequently,Frequently,Frequently,Always,Frequently,Frequently,Frequently,Frequently,Frequently,Always,Frequently,Frequently,Frequently,Always,Always,Always,Always,Always,Always,Always,Always,Always,Always,Always,Always,Always,Always,Frequently,Always,Always,Always,Always,Always,Always,Always,Always,Always,Divorced
27,Frequently,Frequently,Frequently,Always,Frequently,Seldom,Seldom,Frequently,Frequently,Always,Frequently,Frequently,Frequently,Frequently,Frequently,Always,Frequently,Frequently,Frequently,Frequently,Frequently,Always,Frequently,Frequently,Frequently,Frequently,Frequently,Always,Frequently,Frequently,Always,Always,Always,Always,Always,Always,Always,Always,Always,Always,Always,Always,Always,Always,Frequently,Always,Always,Always,Always,Always,Always,Always,Always,Always,Divorced
28,Frequently,Always,Frequently,Averagely,Frequently,Never,Seldom,Always,Frequently,Averagely,Frequently,Always,Frequently,Always,Frequently,Averagely,Frequently,Always,Frequently,Always,Frequently,Averagely,Frequently,Always,Frequently,Always,Frequently,Averagely,Frequently,Always,Always,Always,Always,Always,Always,Always,Always,Always,Always,Always,Always,Always,Always,Always,Always,Always,Always,Always,Always,Always,Always,Always,Always,Always,Divorced
29,Always,Frequently,Frequently,Averagely,Always,Seldom,Never,Frequently,Frequently,Averagely,Always,Frequently,Always,Frequently,Frequently,Averagely,Always,Frequently,Always,Frequently,Frequently,Averagely,Always,Frequently,Always,Frequently,Frequently,Averagely,Always,Frequently,Always,Always,Always,Always,Always,Always,Always,Always,Always,Always,Always,Always,Always,Always,Always,Always,Always,Always,Always,Always,Always,Always,Always,Always,Divorced
30,Frequently,Always,Frequently,Averagely,Frequently,Never,Seldom,Always,Frequently,Averagely,Frequently,Always,Frequently,Always,Frequently,Averagely,Frequently,Always,Frequently,Always,Frequently,Averagely,Frequently,Always,Frequently,Always,Frequently,Averagely,Frequently,Always,Always,Always,Always,Always,Always,Always,Always,Always,Always,Always,Always,Always,Always,Always,Always,Always,Always,Always,Always,Always,Always,Always,Always,Always,Divorced
31,Always,Frequently,Always,Frequently,Always,Seldom,Never,Frequently,Always,Frequently,Always,Frequently,Always,Frequently,Always,Frequently,Always,Frequently,Always,Frequently,Always,Frequently,Always,Frequently,Always,Frequently,Always,Frequently,Always,Frequently,Always,Frequently,Always,Frequently,Always,Frequently,Always,Frequently,Always,Frequently,Always,Frequently,Always,Frequently,Always,Frequently,Always,Frequently,Always,Always,Frequently,Always,Frequently,Always,Divorced
32,Always,Frequently,Frequently,Always,Always,Seldom,Never,Frequently,Frequently,Always,Always,Frequently,Always,Frequently,Frequently,Always,Always,Frequently,Always,Frequently,Frequently,Always,Always,Frequently,Always,Frequently,Frequently,Always,Always,Frequently,Always,Frequently,Always,Frequently,Always,Frequently,Always,Frequently,Always,Frequently,Always,Frequently,Always,Frequently,Always,Frequently,Always,Frequently,Always,Always,Frequently,Always,Frequently,Always,Divorced
33,Frequently,Always,Averagely,Frequently,Frequently,Never,Seldom,Always,Averagely,Frequently,Frequently,Always,Frequently,Always,Averagely,Frequently,Frequently,Always,Frequently,Always,Averagely,Frequently,Frequently,Always,Frequently,Always,Averagely,Frequently,Frequently,Always,Always,Always,Always,Always,Always,Always,Always,Always,Always,Always,Always,Always,Always,Always,Frequently,Always,Always,Always,Always,Always,Always,Always,Always,Always,Divorced
34,Frequently,Always,Always,Frequently,Frequently,Never,Seldom,Always,Always,Frequently,Frequently,Always,Frequently,Always,Always,Frequently,Frequently,Always,Frequently,Always,Always,Frequently,Frequently,Always,Frequently,Always,Always,Frequently,Frequently,Always,Always,Frequently,Always,Frequently,Always,Frequently,Always,Frequently,Always,Frequently,Always,Frequently,Always,Frequently,Always,Frequently,Always,Frequently,Always,Always,Frequently,Always,Frequently,Always,Divorced
35,Frequently,Frequently,Frequently,Frequently,Frequently,Seldom,Seldom,Frequently,Frequently,Frequently,Frequently,Frequently,Frequently,Frequently,Frequently,Frequently,Frequently,Frequently,Frequently,Frequently,Frequently,Frequently,Frequently,Frequently,Frequently,Frequently,Frequently,Frequently,Frequently,Frequently,Always,Always,Always,Always,Always,Always,Always,Always,Always,Always,Always,Always,Always,Always,Always,Always,Always,Always,Always,Always,Always,Always,Always,Always,Divorced
36,Always,Frequently,Frequently,Frequently,Always,Seldom,Never,Frequently,Frequently,Frequently,Always,Frequently,Always,Frequently,Frequently,Frequently,Always,Frequently,Always,Frequently,Frequently,Frequently,Always,Frequently,Always,Frequently,Frequently,Frequently,Always,Frequently,Always,Frequently,Always,Frequently,Always,Frequently,Always,Always,Frequently,Always,Always,Always,Always,Frequently,Always,Always,Frequently,Always,Always,Frequently,Frequently,Always,Always,Frequently,Divorced
37,Frequently,Frequently,Averagely,Frequently,Frequently,Seldom,Seldom,Frequently,Frequently,Frequently,Always,Frequently,Frequently,Frequently,Frequently,Frequently,Frequently,Frequently,Always,Frequently,Frequently,Frequently,Frequently,Always,Frequently,Frequently,Averagely,Always,Frequently,Always,Always,Always,Always,Always,Always,Always,Always,Always,Always,Always,Always,Frequently,Always,Frequently,Frequently,Frequently,Always,Always,Always,Always,Frequently,Frequently,Always,Always,Divorced
38,Frequently,Frequently,Averagely,Frequently,Frequently,Seldom,Seldom,Frequently,Frequently,Frequently,Always,Frequently,Frequently,Frequently,Frequently,Frequently,Frequently,Frequently,Always,Frequently,Frequently,Frequently,Frequently,Always,Frequently,Frequently,Averagely,Always,Frequently,Always,Always,Always,Always,Always,Always,Always,Always,Always,Always,Always,Always,Frequently,Always,Frequently,Frequently,Frequently,Always,Always,Always,Always,Frequently,Frequently,Always,Always,Divorced
39,Always,Frequently,Frequently,Frequently,Always,Seldom,Never,Frequently,Frequently,Frequently,Always,Frequently,Always,Frequently,Frequently,Frequently,Always,Frequently,Always,Frequently,Frequently,Frequently,Always,Frequently,Always,Frequently,Frequently,Frequently,Always,Frequently,Always,Frequently,Always,Frequently,Always,Frequently,Always,Frequently,Always,Frequently,Always,Frequently,Always,Frequently,Always,Frequently,Always,Frequently,Always,Always,Frequently,Always,Frequently,Always,Divorced
40,Frequently,Averagely,Frequently,Always,Frequently,Averagely,Seldom,Averagely,Frequently,Always,Frequently,Averagely,Frequently,Averagely,Frequently,Always,Frequently,Averagely,Frequently,Averagely,Frequently,Always,Frequently,Averagely,Frequently,Averagely,Frequently,Always,Frequently,Averagely,Always,Always,Always,Always,Always,Always,Always,Always,Always,Always,Always,Always,Always,Always,Frequently,Always,Always,Always,Always,Always,Always,Always,Always,Always,Divorced
41,Always,Averagely,Frequently,Averagely,Always,Averagely,Never,Averagely,Frequently,Averagely,Always,Averagely,Always,Averagely,Frequently,Averagely,Always,Averagely,Always,Averagely,Frequently,Averagely,Always,Averagely,Always,Averagely,Frequently,Averagely,Always,Averagely,Always,Always,Always,Always,Always,Always,Always,Always,Always,Always,Always,Always,Always,Always,Always,Always,Always,Always,Always,Always,Always,Always,Always,Always,Divorced
42,Frequently,Always,Frequently,Frequently,Frequently,Never,Seldom,Always,Frequently,Frequently,Frequently,Always,Frequently,Always,Frequently,Frequently,Frequently,Always,Frequently,Always,Frequently,Frequently,Frequently,Always,Frequently,Always,Frequently,Frequently,Frequently,Always,Frequently,Always,Frequently,Always,Frequently,Always,Frequently,Always,Frequently,Always,Frequently,Always,Frequently,Always,Frequently,Always,Frequently,Always,Frequently,Frequently,Always,Frequently,Always,Frequently,Divorced
43,Frequently,Frequently,Frequently,Averagely,Frequently,Seldom,Seldom,Frequently,Frequently,Averagely,Frequently,Frequently,Frequently,Frequently,Frequently,Averagely,Frequently,Frequently,Frequently,Frequently,Frequently,Averagely,Frequently,Frequently,Frequently,Frequently,Frequently,Averagely,Frequently,Frequently,Always,Always,Always,Always,Always,Always,Always,Always,Always,Always,Always,Always,Always,Always,Always,Always,Always,Always,Always,Always,Always,Always,Always,Always,Divorced
44,Always,Averagely,Frequently,Averagely,Always,Averagely,Never,Averagely,Frequently,Averagely,Always,Averagely,Always,Averagely,Frequently,Averagely,Always,Averagely,Always,Averagely,Frequently,Averagely,Always,Averagely,Always,Averagely,Frequently,Averagely,Always,Averagely,Always,Always,Always,Always,Always,Always,Always,Always,Always,Always,Always,Always,Always,Always,Always,Always,Always,Always,Always,Always,Always,Always,Always,Always,Divorced
45,Frequently,Frequently,Averagely,Frequently,Frequently,Seldom,Seldom,Frequently,Averagely,Frequently,Frequently,Frequently,Frequently,Frequently,Averagely,Frequently,Frequently,Frequently,Frequently,Frequently,Averagely,Frequently,Frequently,Frequently,Frequently,Frequently,Averagely,Frequently,Frequently,Frequently,Always,Always,Always,Always,Always,Always,Always,Always,Always,Always,Always,Always,Always,Always,Always,Always,Always,Always,Always,Always,Always,Always,Always,Always,Divorced
46,Frequently,Frequently,Frequently,Averagely,Frequently,Seldom,Seldom,Frequently,Frequently,Averagely,Frequently,Frequently,Frequently,Frequently,Frequently,Averagely,Frequently,Frequently,Frequently,Frequently,Frequently,Averagely,Frequently,Frequently,Frequently,Frequently,Frequently,Averagely,Frequently,Frequently,Always,Always,Always,Always,Always,Always,Always,Always,Always,Always,Always,Always,Always,Always,Always,Always,Always,Always,Always,Always,Always,Always,Always,Always,Divorced
47,Frequently,Frequently,Averagely,Frequently,Frequently,Seldom,Seldom,Frequently,Averagely,Frequently,Frequently,Frequently,Frequently,Frequently,Averagely,Frequently,Frequently,Frequently,Frequently,Frequently,Averagely,Frequently,Frequently,Frequently,Frequently,Frequently,Averagely,Frequently,Frequently,Frequently,Always,Always,Always,Always,Always,Always,Always,Always,Always,Always,Always,Always,Always,Always,Always,Always,Always,Always,Always,Always,Always,Always,Always,Always,Divorced
48,Always,Averagely,Frequently,Averagely,Always,Averagely,Never,Averagely,Frequently,Averagely,Always,Averagely,Always,Averagely,Frequently,Averagely,Always,Averagely,Always,Averagely,Frequently,Averagely,Always,Averagely,Always,Averagely,Frequently,Averagely,Always,Averagely,Always,Always,Always,Always,Always,Always,Always,Always,Always,Always,Always,Always,Always,Always,Always,Always,Always,Always,Always,Always,Always,Always,Always,Always,Divorced
49,Frequently,Frequently,Frequently,Averagely,Frequently,Seldom,Seldom,Frequently,Frequently,Averagely,Frequently,Frequently,Frequently,Frequently,Frequently,Averagely,Frequently,Frequently,Frequently,Frequently,Frequently,Averagely,Frequently,Frequently,Frequently,Frequently,Frequently,Averagely,Frequently,Frequently,Always,Always,Always,Always,Always,Always,Always,Always,Always,Always,Always,Always,Always,Always,Always,Always,Always,Always,Always,Always,Always,Always,Always,Always,Divorced
50,Always,Averagely,Frequently,Averagely,Always,Averagely,Never,Averagely,Frequently,Averagely,Always,Averagely,Always,Averagely,Frequently,Averagely,Always,Averagely,Always,Averagely,Frequently,Averagely,Always,Averagely,Always,Averagely,Frequently,Averagely,Always,Averagely,Always,Always,Always,Always,Always,Always,Always,Always,Always,Always,Always,Always,Always,Always,Always,Always,Always,Always,Always,Always,Always,Always,Always,Always,Divorced
51,Frequently,Frequently,Frequently,Averagely,Frequently,Seldom,Seldom,Frequently,Frequently,Averagely,Frequently,Frequently,Frequently,Frequently,Frequently,Averagely,Frequently,Frequently,Frequently,Frequently,Frequently,Averagely,Frequently,Frequently,Frequently,Frequently,Frequently,Averagely,Frequently,Frequently,Always,Always,Always,Always,Always,Always,Always,Always,Always,Always,Always,Always,Always,Always,Frequently,Always,Always,Always,Always,Always,Always,Always,Always,Always,Divorced
52,Always,Frequently,Averagely,Frequently,Always,Seldom,Never,Frequently,Averagely,Frequently,Always,Frequently,Always,Frequently,Averagely,Frequently,Always,Frequently,Always,Frequently,Averagely,Frequently,Always,Frequently,Always,Frequently,Averagely,Frequently,Always,Frequently,Always,Frequently,Always,Frequently,Always,Frequently,Always,Frequently,Always,Frequently,Always,Frequently,Always,Frequently,Always,Frequently,Always,Frequently,Always,Always,Frequently,Always,Frequently,Always,Divorced
53,Frequently,Frequently,Frequently,Always,Frequently,Seldom,Seldom,Frequently,Frequently,Always,Frequently,Frequently,Frequently,Frequently,Frequently,Always,Frequently,Frequently,Frequently,Frequently,Frequently,Always,Frequently,Frequently,Frequently,Frequently,Frequently,Always,Frequently,Frequently,Frequently,Always,Frequently,Always,Frequently,Always,Frequently,Always,Frequently,Always,Frequently,Always,Frequently,Always,Frequently,Always,Frequently,Always,Frequently,Frequently,Always,Frequently,Always,Frequently,Divorced
54,Always,Frequently,Frequently,Averagely,Always,Seldom,Never,Frequently,Frequently,Averagely,Always,Frequently,Always,Frequently,Frequently,Averagely,Always,Frequently,Always,Frequently,Frequently,Averagely,Always,Frequently,Always,Frequently,Frequently,Averagely,Always,Frequently,Always,Frequently,Always,Frequently,Always,Frequently,Always,Frequently,Always,Frequently,Always,Frequently,Always,Frequently,Frequently,Frequently,Always,Frequently,Always,Always,Frequently,Always,Frequently,Always,Divorced
55,Always,Frequently,Averagely,Frequently,Always,Seldom,Never,Frequently,Averagely,Frequently,Always,Frequently,Always,Frequently,Averagely,Frequently,Always,Frequently,Always,Frequently,Averagely,Frequently,Always,Frequently,Always,Frequently,Averagely,Frequently,Always,Frequently,Frequently,Always,Frequently,Always,Frequently,Always,Frequently,Always,Frequently,Always,Frequently,Always,Frequently,Always,Frequently,Always,Frequently,Always,Frequently,Frequently,Always,Frequently,Always,Frequently,Divorced
56,Frequently,Always,Frequently,Always,Frequently,Never,Seldom,Always,Frequently,Always,Frequently,Always,Frequently,Always,Frequently,Always,Frequently,Always,Frequently,Always,Frequently,Always,Frequently,Always,Frequently,Always,Frequently,Always,Frequently,Always,Frequently,Frequently,Frequently,Frequently,Frequently,Frequently,Frequently,Frequently,Frequently,Frequently,Frequently,Frequently,Frequently,Frequently,Frequently,Frequently,Frequently,Frequently,Frequently,Frequently,Frequently,Frequently,Frequently,Frequently,Divorced
57,Frequently,Always,Frequently,Always,Frequently,Never,Seldom,Always,Frequently,Always,Frequently,Always,Frequently,Always,Frequently,Always,Frequently,Always,Frequently,Always,Frequently,Always,Frequently,Always,Frequently,Always,Frequently,Always,Frequently,Always,Frequently,Frequently,Frequently,Frequently,Frequently,Frequently,Frequently,Frequently,Frequently,Frequently,Frequently,Frequently,Frequently,Frequently,Frequently,Frequently,Frequently,Frequently,Frequently,Frequently,Frequently,Frequently,Frequently,Frequently,Divorced
58,Frequently,Frequently,Frequently,Frequently,Frequently,Seldom,Seldom,Frequently,Frequently,Frequently,Frequently,Frequently,Frequently,Frequently,Frequently,Frequently,Frequently,Frequently,Frequently,Frequently,Frequently,Frequently,Frequently,Frequently,Frequently,Frequently,Frequently,Frequently,Frequently,Frequently,Always,Frequently,Always,Frequently,Always,Frequently,Always,Frequently,Always,Frequently,Always,Frequently,Always,Frequently,Always,Frequently,Always,Frequently,Always,Always,Frequently,Always,Frequently,Always,Divorced
59,Frequently,Averagely,Frequently,Averagely,Frequently,Averagely,Seldom,Averagely,Frequently,Averagely,Frequently,Averagely,Frequently,Averagely,Frequently,Averagely,Frequently,Averagely,Frequently,Averagely,Frequently,Averagely,Frequently,Averagely,Frequently,Averagely,Frequently,Averagely,Frequently,Averagely,Always,Always,Always,Always,Always,Always,Always,Always,Always,Always,Always,Always,Always,Always,Always,Always,Always,Always,Always,Always,Always,Always,Always,Always,Divorced
60,Frequently,Averagely,Frequently,Averagely,Frequently,Averagely,Seldom,Averagely,Frequently,Averagely,Frequently,Averagely,Frequently,Averagely,Frequently,Averagely,Frequently,Averagely,Frequently,Averagely,Frequently,Averagely,Frequently,Averagely,Frequently,Averagely,Frequently,Averagely,Frequently,Averagely,Always,Always,Always,Always,Always,Always,Always,Always,Always,Always,Always,Always,Always,Always,Always,Always,Always,Always,Always,Always,Always,Always,Always,Always,Divorced
61,Frequently,Averagely,Averagely,Frequently,Frequently,Averagely,Seldom,Averagely,Averagely,Frequently,Frequently,Averagely,Frequently,Averagely,Averagely,Frequently,Frequently,Averagely,Frequently,Averagely,Averagely,Frequently,Frequently,Averagely,Frequently,Averagely,Averagely,Frequently,Frequently,Averagely,Always,Always,Always,Always,Always,Always,Always,Always,Always,Always,Always,Always,Always,Always,Always,Always,Always,Always,Always,Always,Always,Always,Always,Always,Divorced
62,Frequently,Averagely,Frequently,Averagely,Frequently,Averagely,Seldom,Averagely,Frequently,Averagely,Frequently,Averagely,Frequently,Averagely,Frequently,Averagely,Frequently,Averagely,Frequently,Averagely,Frequently,Averagely,Frequently,Averagely,Frequently,Averagely,Frequently,Averagely,Frequently,Averagely,Always,Always,Always,Always,Always,Always,Always,Always,Always,Always,Always,Always,Always,Always,Always,Always,Always,Always,Always,Always,Always,Always,Always,Always,Divorced
63,Frequently,Averagely,Frequently,Averagely,Frequently,Averagely,Seldom,Averagely,Frequently,Averagely,Frequently,Averagely,Frequently,Averagely,Frequently,Averagely,Frequently,Averagely,Frequently,Averagely,Frequently,Averagely,Frequently,Averagely,Frequently,Averagely,Frequently,Averagely,Frequently,Averagely,Always,Always,Always,Always,Always,Always,Always,Always,Always,Always,Always,Always,Always,Always,Always,Always,Always,Always,Always,Always,Always,Always,Always,Always,Divorced
64,Frequently,Frequently,Always,Always,Frequently,Seldom,Seldom,Frequently,Always,Always,Frequently,Frequently,Frequently,Frequently,Always,Always,Frequently,Frequently,Frequently,Frequently,Always,Always,Frequently,Frequently,Frequently,Frequently,Always,Always,Frequently,Frequently,Frequently,Frequently,Frequently,Frequently,Frequently,Frequently,Frequently,Frequently,Frequently,Frequently,Frequently,Frequently,Frequently,Frequently,Frequently,Frequently,Frequently,Frequently,Frequently,Frequently,Frequently,Frequently,Frequently,Frequently,Divorced
65,Frequently,Frequently,Frequently,Averagely,Frequently,Seldom,Seldom,Frequently,Frequently,Averagely,Frequently,Frequently,Frequently,Frequently,Frequently,Averagely,Frequently,Frequently,Frequently,Frequently,Frequently,Averagely,Frequently,Frequently,Frequently,Frequently,Frequently,Averagely,Frequently,Frequently,Always,Frequently,Always,Frequently,Always,Frequently,Always,Frequently,Always,Frequently,Always,Frequently,Always,Frequently,Always,Frequently,Always,Frequently,Always,Always,Frequently,Always,Frequently,Always,Divorced
66,Frequently,Frequently,Averagely,Frequently,Frequently,Seldom,Seldom,Frequently,Averagely,Frequently,Frequently,Frequently,Frequently,Frequently,Averagely,Frequently,Frequently,Frequently,Frequently,Frequently,Averagely,Frequently,Frequently,Frequently,Frequently,Frequently,Averagely,Frequently,Frequently,Frequently,Always,Frequently,Always,Frequently,Always,Frequently,Always,Frequently,Always,Frequently,Always,Frequently,Always,Frequently,Always,Frequently,Always,Frequently,Always,Always,Frequently,Always,Frequently,Always,Divorced
67,Always,Averagely,Averagely,Frequently,Always,Averagely,Never,Averagely,Averagely,Frequently,Always,Averagely,Always,Averagely,Averagely,Frequently,Always,Averagely,Always,Averagely,Averagely,Frequently,Always,Averagely,Always,Averagely,Averagely,Frequently,Always,Averagely,Always,Frequently,Always,Frequently,Always,Frequently,Always,Frequently,Always,Frequently,Always,Frequently,Always,Frequently,Always,Frequently,Always,Frequently,Always,Always,Frequently,Always,Frequently,Always,Divorced
68,Frequently,Frequently,Frequently,Averagely,Frequently,Seldom,Seldom,Frequently,Frequently,Averagely,Frequently,Frequently,Frequently,Frequently,Frequently,Averagely,Frequently,Frequently,Frequently,Frequently,Frequently,Averagely,Frequently,Frequently,Frequently,Frequently,Frequently,Averagely,Frequently,Frequently,Always,Frequently,Always,Frequently,Always,Frequently,Always,Frequently,Always,Frequently,Always,Frequently,Always,Frequently,Frequently,Frequently,Always,Frequently,Always,Always,Frequently,Always,Frequently,Always,Divorced
69,Always,Always,Always,Frequently,Always,Averagely,Always,Always,Always,Frequently,Always,Always,Always,Always,Always,Always,Always,Always,Always,Always,Always,Frequently,Never,Always,Never,Always,Always,Never,Always,Always,Never,Always,Always,Never,Seldom,Never,Averagely,Never,Always,Never,Averagely,Always,Always,Seldom,Always,Never,Always,Always,Always,Frequently,Always,Always,Always,Always,Divorced
70,Frequently,Frequently,Frequently,Averagely,Frequently,Seldom,Seldom,Frequently,Frequently,Averagely,Frequently,Frequently,Frequently,Frequently,Frequently,Averagely,Frequently,Frequently,Frequently,Frequently,Frequently,Averagely,Frequently,Frequently,Frequently,Frequently,Frequently,Averagely,Frequently,Frequently,Frequently,Always,Frequently,Always,Frequently,Always,Frequently,Always,Frequently,Always,Frequently,Always,Frequently,Always,Frequently,Always,Frequently,Always,Frequently,Frequently,Always,Frequently,Always,Frequently,Divorced
71,Averagely,Averagely,Frequently,Averagely,Averagely,Averagely,Averagely,Averagely,Frequently,Averagely,Averagely,Averagely,Averagely,Averagely,Frequently,Averagely,Averagely,Averagely,Averagely,Averagely,Frequently,Averagely,Averagely,Averagely,Averagely,Averagely,Frequently,Averagely,Averagely,Averagely,Always,Always,Always,Always,Always,Always,Always,Always,Always,Always,Always,Frequently,Always,Always,Always,Always,Always,Always,Always,Always,Always,Always,Always,Always,Divorced
72,Frequently,Frequently,Frequently,Frequently,Frequently,Seldom,Seldom,Frequently,Frequently,Frequently,Frequently,Frequently,Frequently,Frequently,Frequently,Frequently,Frequently,Frequently,Frequently,Frequently,Frequently,Frequently,Frequently,Frequently,Frequently,Frequently,Frequently,Frequently,Frequently,Frequently,Frequently,Frequently,Frequently,Frequently,Frequently,Frequently,Frequently,Frequently,Frequently,Frequently,Frequently,Frequently,Frequently,Frequently,Frequently,Frequently,Frequently,Frequently,Frequently,Frequently,Frequently,Frequently,Frequently,Frequently,Divorced
73,Always,Frequently,Frequently,Frequently,Frequently,Seldom,Always,Never,Always,Frequently,Frequently,Frequently,Frequently,Always,Frequently,Frequently,Frequently,Frequently,Frequently,Frequently,Frequently,Frequently,Averagely,Averagely,Averagely,Averagely,Frequently,Averagely,Averagely,Averagely,Averagely,Always,Frequently,Frequently,Frequently,Frequently,Frequently,Always,Always,Always,Frequently,Frequently,Frequently,Frequently,Frequently,Frequently,Frequently,Frequently,Frequently,Frequently,Frequently,Frequently,Frequently,Frequently,Divorced
74,Frequently,Averagely,Frequently,Averagely,Frequently,Averagely,Seldom,Averagely,Frequently,Averagely,Frequently,Averagely,Frequently,Averagely,Frequently,Averagely,Frequently,Averagely,Frequently,Averagely,Frequently,Averagely,Frequently,Averagely,Frequently,Averagely,Frequently,Averagely,Frequently,Averagely,Frequently,Always,Frequently,Always,Frequently,Always,Frequently,Always,Frequently,Always,Frequently,Frequently,Frequently,Always,Frequently,Always,Frequently,Always,Frequently,Frequently,Always,Frequently,Always,Frequently,Divorced
75,Always,Always,Frequently,Frequently,Always,Never,Always,Averagely,Always,Always,Frequently,Always,Always,Always,Always,Always,Always,Always,Always,Always,Never,Never,Averagely,Always,Always,Always,Always,Seldom,Seldom,Never,Always,Averagely,Never,Never,Never,Never,Frequently,Never,Always,Always,Always,Always,Always,Always,Always,Averagely,Always,Always,Frequently,Always,Always,Seldom,Seldom,Never,Divorced
76,Frequently,Averagely,Always,Frequently,Frequently,Averagely,Frequently,Averagely,Averagely,Frequently,Always,Frequently,Averagely,Frequently,Seldom,Frequently,Frequently,Frequently,Frequently,Always,Averagely,Seldom,Never,Averagely,Averagely,Averagely,Averagely,Averagely,Averagely,Frequently,Frequently,Frequently,Frequently,Frequently,Frequently,Frequently,Always,Always,Always,Always,Always,Frequently,Never,Never,Never,Never,Never,Frequently,Frequently,Frequently,Frequently,Frequently,Frequently,Frequently,Divorced
77,Averagely,Averagely,Averagely,Frequently,Averagely,Frequently,Averagely,Seldom,Frequently,Averagely,Seldom,Averagely,Averagely,Averagely,Frequently,Frequently,Frequently,Frequently,Frequently,Averagely,Averagely,Seldom,Seldom,Frequently,Frequently,Frequently,Averagely,Frequently,Averagely,Averagely,Frequently,Frequently,Frequently,Frequently,Frequently,Frequently,Frequently,Frequently,Always,Always,Always,Always,Frequently,Always,Averagely,Averagely,Frequently,Frequently,Averagely,Seldom,Seldom,Averagely,Averagely,Averagely,Divorced
78,Frequently,Averagely,Always,Frequently,Frequently,Averagely,Frequently,Averagely,Averagely,Frequently,Always,Frequently,Averagely,Averagely,Seldom,Frequently,Frequently,Frequently,Frequently,Always,Averagely,Seldom,Never,Averagely,Averagely,Averagely,Averagely,Averagely,Averagely,Frequently,Frequently,Frequently,Frequently,Frequently,Frequently,Frequently,Always,Always,Always,Always,Frequently,Never,Never,Frequently,Never,Never,Never,Frequently,Frequently,Frequently,Frequently,Frequently,Frequently,Frequently,Divorced
79,Always,Averagely,Always,Averagely,Seldom,Averagely,Frequently,Seldom,Seldom,Frequently,Frequently,Frequently,Averagely,Averagely,Frequently,Averagely,Averagely,Frequently,Frequently,Averagely,Averagely,Averagely,Averagely,Frequently,Always,Always,Frequently,Frequently,Frequently,Always,Always,Always,Averagely,Averagely,Never,Never,Always,Frequently,Always,Always,Frequently,Seldom,Seldom,Always,Seldom,Averagely,Seldom,Frequently,Frequently,Frequently,Frequently,Seldom,Seldom,Seldom,Divorced
80,Averagely,Never,Averagely,Always,Averagely,Averagely,Always,Frequently,Always,Frequently,Averagely,Frequently,Frequently,Never,Always,Always,Frequently,Frequently,Frequently,Averagely,Averagely,Seldom,Averagely,Never,Never,Never,Never,Never,Averagely,Averagely,Frequently,Frequently,Frequently,Frequently,Frequently,Frequently,Frequently,Frequently,Seldom,Frequently,Averagely,Frequently,Frequently,Always,Always,Averagely,Frequently,Averagely,Averagely,Frequently,Frequently,Always,Averagely,Averagely,Divorced
81,Always,Always,Frequently,Frequently,Averagely,Never,Averagely,Always,Always,Frequently,Always,Frequently,Always,Frequently,Always,Always,Always,Frequently,Frequently,Frequently,Averagely,Frequently,Frequently,Frequently,Frequently,Frequently,Seldom,Frequently,Frequently,Averagely,Frequently,Frequently,Frequently,Always,Always,Always,Always,Always,Always,Always,Always,Averagely,Averagely,Frequently,Averagely,Averagely,Averagely,Averagely,Averagely,Frequently,Frequently,Frequently,Frequently,Always,Divorced
82,Always,Always,Frequently,Always,Always,Never,Never,Always,Always,Always,Always,Always,Always,Always,Always,Frequently,Frequently,Always,Always,Frequently,Averagely,Averagely,Frequently,Seldom,Averagely,Averagely,Seldom,Frequently,Averagely,Averagely,Frequently,Frequently,Seldom,Averagely,Seldom,Always,Always,Frequently,Frequently,Frequently,Seldom,Frequently,Frequently,Frequently,Frequently,Seldom,Averagely,Frequently,Averagely,Averagely,Averagely,Averagely,Seldom,Averagely,Divorced
83,Frequently,Frequently,Averagely,Averagely,Averagely,Averagely,Averagely,Averagely,Averagely,Averagely,Averagely,Averagely,Averagely,Averagely,Averagely,Averagely,Averagely,Averagely,Averagely,Averagely,Never,Never,Never,Averagely,Never,Never,Never,Never,Never,Averagely,Frequently,Frequently,Frequently,Always,Always,Always,Always,Always,Always,Always,Always,Seldom,Seldom,Seldom,Seldom,Seldom,Seldom,Frequently,Averagely,Averagely,Averagely,Always,Always,Always,Divorced
84,Never,Never,Never,Never,Never,Never,Never,Never,Never,Never,Never,Seldom,Never,Never,Never,Never,Seldom,Never,Never,Never,Seldom,Never,Never,Never,Never,Never,Never,Never,Never,Never,Never,Never,Never,Never,Never,Never,Never,Never,Never,Never,Seldom,Never,Seldom,Never,Never,Never,Seldom,Never,Never,Never,Seldom,Never,Never,Seldom,Married
85,Never,Never,Never,Never,Never,Never,Never,Never,Never,Never,Never,Never,Never,Never,Never,Never,Never,Never,Never,Never,Never,Never,Never,Never,Never,Never,Never,Never,Never,Never,Never,Never,Never,Never,Never,Never,Never,Never,Never,Never,Never,Seldom,Seldom,Seldom,Averagely,Frequently,Seldom,Never,Never,Seldom,Seldom,Never,Never,Never,Married
86,Never,Never,Never,Never,Never,Never,Never,Never,Never,Never,Never,Never,Never,Never,Never,Never,Never,Never,Never,Never,Never,Never,Never,Never,Seldom,Seldom,Never,Never,Seldom,Never,Never,Never,Never,Never,Never,Never,Never,Never,Never,Never,Seldom,Never,Averagely,Never,Seldom,Seldom,Seldom,Seldom,Never,Never,Never,Seldom,Seldom,Seldom,Married
87,Never,Never,Never,Never,Never,Never,Never,Never,Never,Never,Never,Never,Seldom,Never,Never,Never,Never,Never,Never,Never,Never,Never,Never,Never,Never,Never,Never,Never,Never,Never,Never,Never,Never,Seldom,Never,Never,Never,Never,Never,Never,Never,Never,Frequently,Never,Never,Never,Never,Averagely,Never,Never,Seldom,Averagely,Averagely,Seldom,Married
88,Always,Never,Frequently,Always,Never,Never,Never,Never,Never,Never,Never,Never,Never,Never,Never,Never,Never,Never,Never,Never,Never,Never,Never,Never,Never,Never,Never,Never,Never,Never,Never,Never,Never,Never,Never,Never,Never,Never,Never,Never,Never,Never,Never,Never,Never,Never,Never,Always,Never,Never,Never,Never,Never,Never,Married
89,Never,Never,Never,Never,Never,Never,Never,Never,Never,Never,Never,Never,Never,Never,Never,Never,Never,Never,Never,Never,Never,Never,Never,Never,Never,Never,Never,Never,Never,Never,Averagely,Averagely,Seldom,Never,Seldom,Seldom,Never,Seldom,Never,Never,Never,Never,Never,Never,Never,Never,Seldom,Seldom,Seldom,Seldom,Seldom,Never,Seldom,Seldom,Married
90,Never,Seldom,Never,Never,Never,Never,Never,Seldom,Never,Never,Never,Never,Never,Seldom,Never,Never,Never,Never,Never,Never,Never,Never,Never,Never,Seldom,Seldom,Seldom,Never,Never,Never,Never,Never,Never,Never,Never,Never,Never,Never,Never,Never,Never,Never,Frequently,Seldom,Never,Frequently,Never,Seldom,Never,Never,Never,Averagely,Never,Never,Married
91,Never,Never,Never,Never,Never,Never,Never,Never,Never,Never,Never,Never,Never,Never,Never,Never,Never,Never,Never,Never,Never,Never,Never,Never,Never,Never,Never,Never,Never,Never,Seldom,Seldom,Never,Never,Never,Never,Never,Never,Never,Never,Never,Never,Averagely,Never,Never,Averagely,Never,Averagely,Frequently,Averagely,Averagely,Seldom,Seldom,Never,Married
92,Seldom,Seldom,Never,Never,Never,Never,Never,Never,Never,Seldom,Never,Never,Seldom,Never,Never,Never,Never,Never,Never,Never,Seldom,Never,Never,Never,Seldom,Never,Seldom,Seldom,Seldom,Seldom,Never,Never,Never,Never,Never,Never,Never,Never,Never,Never,Never,Seldom,Averagely,Never,Averagely,Seldom,Never,Never,Seldom,Seldom,Seldom,Seldom,Seldom,Seldom,Married
93,Never,Seldom,Never,Seldom,Never,Never,Never,Never,Never,Seldom,Never,Never,Never,Seldom,Never,Never,Never,Never,Never,Never,Never,Never,Never,Seldom,Never,Never,Never,Never,Never,Never,Never,Seldom,Seldom,Seldom,Never,Never,Never,Averagely,Seldom,Never,Never,Never,Averagely,Seldom,Seldom,Seldom,Seldom,Averagely,Seldom,Seldom,Seldom,Never,Never,Never,Married
94,Never,Never,Never,Never,Never,Never,Never,Never,Never,Seldom,Never,Never,Never,Never,Never,Never,Never,Never,Never,Never,Never,Never,Never,Seldom,Seldom,Seldom,Never,Never,Never,Never,Averagely,Seldom,Seldom,Seldom,Never,Never,Averagely,Never,Seldom,Never,Seldom,Never,Never,Never,Never,Never,Never,Averagely,Averagely,Averagely,Averagely,Seldom,Never,Never,Married
95,Never,Never,Never,Never,Never,Never,Never,Never,Never,Seldom,Never,Never,Never,Never,Never,Never,Never,Never,Never,Never,Never,Never,Never,Seldom,Seldom,Never,Never,Never,Never,Never,Never,Never,Never,Never,Never,Never,Never,Never,Never,Never,Never,Never,Seldom,Never,Frequently,Averagely,Never,Averagely,Averagely,Averagely,Averagely,Averagely,Averagely,Averagely,Married
96,Never,Frequently,Seldom,Never,Never,Never,Never,Never,Never,Never,Never,Seldom,Seldom,Averagely,Never,Never,Never,Never,Never,Never,Never,Never,Never,Never,Never,Never,Never,Never,Never,Seldom,Seldom,Seldom,Never,Seldom,Never,Never,Never,Never,Never,Never,Seldom,Never,Seldom,Never,Seldom,Seldom,Seldom,Always,Never,Never,Averagely,Never,Never,Never,Married
97,Never,Never,Never,Never,Never,Never,Never,Never,Never,Never,Never,Never,Never,Never,Never,Never,Never,Never,Never,Never,Never,Seldom,Never,Never,Never,Never,Never,Never,Never,Never,Always,Averagely,Never,Never,Never,Never,Never,Never,Never,Never,Seldom,Always,Averagely,Never,Always,Averagely,Seldom,Seldom,Never,Never,Never,Seldom,Never,Never,Married
98,Never,Never,Never,Never,Never,Averagely,Seldom,Never,Never,Never,Never,Never,Never,Never,Never,Never,Never,Never,Never,Never,Never,Never,Never,Never,Never,Never,Never,Never,Never,Never,Seldom,Never,Never,Never,Never,Never,Never,Never,Never,Never,Never,Never,Never,Averagely,Seldom,Always,Averagely,Frequently,Never,Never,Never,Averagely,Always,Seldom,Married
99,Never,Seldom,Averagely,Seldom,Never,Never,Never,Never,Never,Never,Never,Seldom,Seldom,Never,Never,Never,Seldom,Never,Seldom,Never,Never,Never,Never,Never,Never,Never,Never,Never,Never,Never,Never,Never,Never,Never,Never,Never,Never,Never,Seldom,Never,Never,Averagely,Averagely,Never,Seldom,Never,Seldom,Averagely,Never,Never,Never,Frequently,Averagely,Seldom,Married
100,Never,Never,Averagely,Never,Never,Never,Never,Never,Never,Never,Never,Never,Never,Never,Never,Never,Never,Never,Never,Never,Never,Never,Never,Never,Never,Never,Never,Never,Never,Never,Averagely,Seldom,Never,Seldom,Never,Never,Seldom,Never,Never,Never,Never,Never,Averagely,Never,Averagely,Averagely,Seldom,Averagely,Never,Never,Never,Always,Always,Never,Married
101,Never,Never,Seldom,Never,Never,Seldom,Never,Never,Never,Never,Never,Never,Never,Never,Never,Never,Never,Never,Never,Never,Never,Never,Never,Averagely,Never,Never,Never,Never,Never,Seldom,Never,Averagely,Never,Seldom,Never,Never,Never,Never,Never,Never,Never,Never,Frequently,Never,Never,Averagely,Averagely,Never,Never,Seldom,Seldom,Frequently,Always,Never,Married
102,Never,Never,Never,Never,Never,Never,Never,Never,Never,Never,Never,Never,Never,Never,Never,Never,Never,Never,Never,Never,Never,Never,Never,Never,Never,Never,Never,Never,Never,Never,Never,Never,Never,Never,Never,Never,Never,Never,Never,Never,Seldom,Averagely,Always,Averagely,Frequently,Seldom,Seldom,Averagely,Never,Never,Seldom,Always,Seldom,Averagely,Married
103,Never,Never,Never,Never,Never,Never,Never,Never,Never,Never,Never,Never,Never,Never,Never,Never,Never,Never,Never,Never,Never,Never,Never,Never,Seldom,Seldom,Seldom,Seldom,Seldom,Seldom,Seldom,Never,Never,Never,Never,Never,Never,Never,Never,Never,Averagely,Never,Frequently,Never,Frequently,Frequently,Seldom,Averagely,Seldom,Seldom,Seldom,Never,Seldom,Never,Married
104,Never,Never,Never,Never,Never,Seldom,Never,Never,Never,Never,Seldom,Seldom,Seldom,Never,Never,Never,Never,Never,Seldom,Never,Seldom,Never,Never,Never,Never,Never,Never,Never,Never,Never,Never,Never,Never,Never,Never,Never,Never,Never,Never,Never,Never,Never,Frequently,Never,Frequently,Always,Frequently,Never,Averagely,Averagely,Averagely,Never,Never,Never,Married
105,Never,Never,Never,Never,Never,Never,Never,Never,Never,Never,Never,Seldom,Seldom,Seldom,Seldom,Never,Never,Never,Never,Never,Seldom,Seldom,Never,Never,Never,Never,Never,Seldom,Never,Never,Never,Never,Never,Seldom,Never,Never,Seldom,Never,Seldom,Never,Never,Never,Averagely,Averagely,Averagely,Never,Never,Averagely,Averagely,Averagely,Averagely,Seldom,Seldom,Never,Married
106,Never,Never,Never,Never,Never,Never,Never,Never,Never,Never,Never,Never,Never,Never,Never,Never,Never,Never,Never,Never,Never,Never,Never,Never,Never,Never,Never,Never,Never,Never,Never,Seldom,Never,Never,Never,Never,Never,Never,Never,Never,Never,Never,Always,Never,Always,Frequently,Seldom,Frequently,Seldom,Frequently,Frequently,Frequently,Seldom,Never,Married
107,Never,Never,Never,Never,Never,Never,Never,Never,Never,Never,Never,Never,Averagely,Never,Never,Never,Never,Never,Never,Never,Never,Never,Never,Never,Never,Never,Never,Never,Never,Never,Averagely,Never,Never,Never,Never,Never,Always,Never,Never,Never,Never,Never,Never,Never,Never,Frequently,Never,Averagely,Averagely,Averagely,Averagely,Always,Always,Never,Married
108,Never,Never,Frequently,Never,Never,Seldom,Never,Never,Never,Never,Never,Averagely,Never,Never,Seldom,Never,Seldom,Never,Never,Seldom,Never,Never,Never,Never,Seldom,Never,Never,Never,Never,Seldom,Never,Averagely,Never,Never,Never,Never,Never,Never,Seldom,Never,Never,Never,Seldom,Never,Seldom,Seldom,Seldom,Frequently,Frequently,Averagely,Averagely,Never,Never,Never,Married
109,Never,Never,Never,Never,Never,Seldom,Never,Never,Never,Never,Never,Never,Seldom,Never,Never,Never,Never,Never,Never,Never,Never,Never,Never,Never,Never,Never,Never,Never,Never,Never,Averagely,Never,Never,Seldom,Never,Never,Seldom,Never,Never,Never,Seldom,Seldom,Averagely,Never,Seldom,Averagely,Averagely,Averagely,Averagely,Averagely,Averagely,Averagely,Averagely,Averagely,Married
110,Never,Never,Never,Never,Never,Never,Never,Never,Never,Never,Never,Never,Seldom,Seldom,Never,Never,Never,Never,Never,Never,Seldom,Never,Never,Never,Seldom,Never,Never,Seldom,Seldom,Seldom,Seldom,Never,Never,Never,Never,Never,Never,Never,Never,Never,Never,Seldom,Frequently,Averagely,Seldom,Frequently,Never,Averagely,Frequently,Frequently,Averagely,Seldom,Never,Never,Married
111,Seldom,Seldom,Seldom,Seldom,Seldom,Never,Never,Seldom,Seldom,Seldom,Seldom,Never,Never,Never,Never,Never,Never,Never,Never,Never,Never,Never,Never,Never,Never,Never,Never,Never,Never,Never,Never,Averagely,Never,Never,Never,Never,Never,Never,Never,Never,Never,Never,Never,Never,Never,Averagely,Averagely,Frequently,Frequently,Frequently,Frequently,Seldom,Seldom,Never,Married
112,Never,Never,Never,Never,Seldom,Never,Never,Never,Never,Never,Never,Never,Seldom,Never,Seldom,Never,Never,Never,Never,Never,Never,Never,Never,Never,Seldom,Seldom,Never,Never,Seldom,Never,Never,Never,Never,Never,Never,Never,Never,Never,Never,Never,Never,Averagely,Frequently,Seldom,Frequently,Frequently,Frequently,Averagely,Seldom,Seldom,Seldom,Seldom,Seldom,Seldom,Married
113,Never,Averagely,Averagely,Seldom,Never,Never,Never,Never,Never,Averagely,Seldom,Seldom,Seldom,Never,Never,Never,Never,Never,Never,Never,Never,Never,Never,Never,Seldom,Never,Never,Never,Never,Never,Seldom,Frequently,Never,Never,Never,Never,Averagely,Seldom,Never,Averagely,Never,Never,Never,Never,Never,Never,Never,Frequently,Seldom,Seldom,Seldom,Never,Frequently,Never,Married
114,Never,Seldom,Seldom,Never,Never,Never,Never,Never,Never,Seldom,Seldom,Seldom,Averagely,Seldom,Seldom,Never,Never,Never,Never,Never,Never,Never,Never,Never,Never,Never,Never,Never,Never,Never,Never,Averagely,Seldom,Averagely,Never,Never,Never,Never,Seldom,Never,Seldom,Never,Frequently,Seldom,Always,Never,Averagely,Averagely,Never,Seldom,Never,Never,Seldom,Never,Married
115,Never,Seldom,Seldom,Never,Never,Seldom,Never,Never,Never,Never,Never,Never,Never,Never,Never,Never,Never,Never,Never,Never,Never,Never,Never,Never,Never,Never,Never,Never,Never,Never,Never,Never,Never,Never,Never,Never,Seldom,Never,Never,Never,Never,Seldom,Averagely,Never,Seldom,Always,Always,Frequently,Frequently,Seldom,Averagely,Frequently,Seldom,Seldom,Married
116,Never,Never,Never,Never,Never,Averagely,Never,Never,Never,Never,Never,Never,Seldom,Never,Never,Seldom,Seldom,Never,Never,Never,Never,Never,Never,Never,Never,Never,Never,Never,Never,Seldom,Never,Never,Never,Seldom,Never,Never,Seldom,Never,Never,Never,Never,Averagely,Always,Never,Always,Frequently,Seldom,Seldom,Averagely,Averagely,Averagely,Seldom,Never,Never,Married
117,Never,Never,Never,Never,Never,Seldom,Never,Seldom,Seldom,Never,Never,Never,Seldom,Seldom,Never,Never,Never,Never,Never,Never,Seldom,Seldom,Seldom,Never,Seldom,Never,Never,Never,Never,Seldom,Seldom,Seldom,Seldom,Seldom,Never,Never,Seldom,Never,Never,Never,Never,Never,Never,Never,Never,Never,Never,Averagely,Seldom,Averagely,Averagely,Frequently,Frequently,Averagely,Married
118,Never,Never,Never,Never,Never,Seldom,Never,Never,Never,Seldom,Never,Seldom,Seldom,Never,Never,Seldom,Never,Never,Never,Never,Never,Never,Never,Never,Averagely,Seldom,Seldom,Never,Never,Never,Never,Never,Never,Never,Never,Never,Never,Never,Never,Never,Never,Never,Seldom,Seldom,Never,Always,Seldom,Seldom,Always,Always,Averagely,Averagely,Never,Seldom,Married
119,Never,Seldom,Seldom,Never,Never,Averagely,Never,Never,Never,Never,Never,Averagely,Seldom,Never,Never,Never,Never,Never,Never,Never,Never,Never,Never,Never,Seldom,Never,Never,Never,Never,Seldom,Never,Averagely,Never,Never,Never,Never,Never,Never,Never,Never,Never,Averagely,Averagely,Averagely,Averagely,Averagely,Averagely,Averagely,Never,Averagely,Seldom,Seldom,Seldom,Never,Married
120,Never,Never,Never,Never,Never,Averagely,Never,Never,Never,Seldom,Never,Never,Never,Never,Seldom,Never,Seldom,Never,Seldom,Never,Never,Never,Never,Never,Never,Never,Never,Never,Never,Seldom,Never,Seldom,Never,Seldom,Never,Never,Seldom,Seldom,Seldom,Never,Never,Always,Averagely,Never,Seldom,Averagely,Seldom,Frequently,Seldom,Seldom,Seldom,Seldom,Seldom,Never,Married
121,Never,Averagely,Averagely,Seldom,Never,Never,Never,Never,Never,Averagely,Seldom,Seldom,Seldom,Never,Never,Never,Never,Never,Never,Never,Never,Never,Never,Never,Seldom,Never,Never,Never,Never,Never,Seldom,Frequently,Never,Never,Never,Never,Averagely,Seldom,Seldom,Never,Averagely,Never,Never,Never,Never,Never,Never,Frequently,Seldom,Seldom,Seldom,Never,Frequently,Never,Married
122,Never,Never,Seldom,Never,Seldom,Never,Never,Never,Never,Never,Never,Seldom,Never,Never,Never,Never,Never,Never,Never,Never,Never,Never,Never,Never,Never,Never,Never,Never,Never,Never,Averagely,Seldom,Averagely,Never,Never,Never,Averagely,Never,Seldom,Never,Never,Never,Averagely,Never,Seldom,Averagely,Seldom,Frequently,Frequently,Averagely,Averagely,Averagely,Averagely,Never,Married
123,Never,Never,Never,Never,Never,Averagely,Never,Never,Never,Never,Never,Never,Seldom,Seldom,Never,Never,Never,Never,Never,Never,Never,Never,Never,Never,Seldom,Seldom,Seldom,Never,Never,Never,Seldom,Never,Never,Never,Never,Never,Never,Never,Never,Never,Never,Never,Averagely,Seldom,Never,Frequently,Never,Averagely,Frequently,Always,Frequently,Frequently,Never,Averagely,Married
124,Never,Seldom,Seldom,Never,Never,Never,Never,Never,Never,Never,Never,Seldom,Frequently,Never,Never,Never,Never,Never,Never,Never,Never,Never,Never,Seldom,Seldom,Never,Never,Never,Never,Never,Never,Never,Never,Never,Never,Never,Never,Never,Seldom,Never,Never,Averagely,Always,Never,Averagely,Always,Never,Frequently,Never,Seldom,Averagely,Averagely,Averagely,Never,Married
125,Never,Never,Never,Never,Never,Never,Never,Never,Never,Never,Never,Never,Never,Never,Never,Never,Never,Never,Never,Never,Never,Never,Never,Never,Never,Never,Never,Never,Never,Never,Seldom,Seldom,Seldom,Seldom,Seldom,Never,Seldom,Seldom,Averagely,Seldom,Averagely,Averagely,Always,Averagely,Always,Never,Never,Never,Seldom,Seldom,Averagely,Seldom,Never,Averagely,Married
126,Never,Never,Never,Never,Never,Never,Never,Never,Never,Never,Never,Never,Never,Never,Never,Never,Never,Never,Never,Never,Never,Never,Never,Never,Never,Never,Never,Never,Never,Never,Seldom,Seldom,Seldom,Seldom,Seldom,Never,Seldom,Seldom,Averagely,Seldom,Averagely,Averagely,Always,Averagely,Always,Never,Never,Never,Seldom,Seldom,Averagely,Seldom,Never,Averagely,Married
127,Never,Never,Never,Never,Never,Never,Never,Never,Never,Never,Never,Never,Never,Never,Never,Never,Never,Never,Never,Never,Never,Never,Never,Never,Never,Never,Never,Never,Never,Never,Never,Never,Seldom,Seldom,Never,Never,Never,Seldom,Seldom,Never,Never,Frequently,Averagely,Seldom,Frequently,Frequently,Never,Averagely,Frequently,Averagely,Averagely,Always,Seldom,Seldom,Married
128,Never,Never,Never,Never,Never,Never,Never,Never,Never,Never,Never,Never,Never,Never,Never,Never,Never,Never,Never,Never,Never,Never,Never,Never,Never,Never,Never,Never,Never,Never,Always,Always,Always,Frequently,Never,Never,Always,Seldom,Seldom,Never,Seldom,Never,Never,Never,Never,Never,Never,Never,Never,Never,Always,Averagely,Averagely,Averagely,Married
129,Never,Never,Never,Never,Never,Never,Never,Never,Never,Seldom,Never,Seldom,Never,Never,Never,Never,Never,Never,Never,Never,Never,Never,Never,Never,Never,Never,Never,Never,Never,Never,Averagely,Averagely,Never,Never,Never,Never,Never,Never,Never,Never,Never,Always,Always,Never,Always,Seldom,Always,Averagely,Frequently,Averagely,Averagely,Never,Never,Never,Married
130,Never,Never,Never,Never,Never,Never,Never,Never,Never,Never,Never,Never,Seldom,Never,Never,Seldom,Never,Never,Never,Seldom,Seldom,Never,Never,Never,Seldom,Seldom,Seldom,Seldom,Seldom,Seldom,Never,Never,Never,Never,Never,Never,Seldom,Seldom,Seldom,Never,Seldom,Never,Seldom,Averagely,Averagely,Averagely,Averagely,Averagely,Averagely,Averagely,Averagely,Never,Seldom,Never,Married
131,Never,Seldom,Seldom,Seldom,Never,Never,Never,Never,Never,Never,Never,Never,Never,Never,Never,Never,Never,Never,Never,Never,Never,Never,Never,Never,Never,Never,Never,Never,Never,Never,Averagely,Seldom,Seldom,Seldom,Never,Never,Averagely,Seldom,Averagely,Averagely,Seldom,Averagely,Averagely,Never,Seldom,Frequently,Never,Averagely,Averagely,Averagely,Averagely,Never,Never,Never,Married
132,Never,Never,Averagely,Never,Averagely,Always,Never,Never,Never,Never,Never,Never,Averagely,Seldom,Never,Never,Never,Never,Never,Never,Never,Never,Never,Never,Never,Never,Never,Never,Never,Never,Averagely,Frequently,Never,Seldom,Never,Never,Seldom,Never,Never,Never,Seldom,Never,Always,Never,Seldom,Seldom,Averagely,Frequently,Never,Seldom,Seldom,Never,Never,Never,Married
133,Seldom,Averagely,Never,Never,Never,Never,Never,Never,Never,Never,Never,Never,Never,Seldom,Never,Never,Never,Never,Seldom,Never,Never,Seldom,Seldom,Seldom,Seldom,Seldom,Never,Never,Never,Never,Averagely,Seldom,Never,Seldom,Never,Never,Seldom,Never,Never,Never,Seldom,Never,Averagely,Never,Never,Averagely,Seldom,Averagely,Averagely,Averagely,Averagely,Averagely,Seldom,Never,Married
134,Seldom,Never,Seldom,Never,Never,Never,Never,Seldom,Never,Never,Seldom,Never,Seldom,Never,Never,Seldom,Never,Never,Seldom,Never,Never,Never,Never,Never,Never,Never,Never,Never,Never,Never,Averagely,Never,Never,Never,Never,Never,Never,Seldom,Never,Never,Never,Never,Averagely,Never,Averagely,Never,Averagely,Frequently,Never,Frequently,Frequently,Frequently,Averagely,Averagely,Married
135,Never,Never,Never,Never,Never,Never,Never,Never,Never,Never,Never,Never,Never,Never,Never,Never,Never,Never,Never,Never,Never,Never,Never,Never,Never,Never,Never,Never,Never,Never,Averagely,Seldom,Seldom,Seldom,Never,Never,Never,Seldom,Seldom,Never,Never,Frequently,Averagely,Seldom,Averagely,Averagely,Seldom,Averagely,Frequently,Averagely,Averagely,Frequently,Seldom,Seldom,Married
136,Never,Never,Averagely,Never,Never,Never,Never,Never,Never,Never,Never,Seldom,Seldom,Never,Never,Never,Seldom,Never,Never,Never,Never,Never,Never,Never,Seldom,Never,Never,Never,Never,Never,Averagely,Seldom,Never,Averagely,Frequently,Never,Seldom,Never,Averagely,Never,Never,Never,Never,Never,Averagely,Frequently,Seldom,Averagely,Seldom,Averagely,Seldom,Averagely,Averagely,Never,Married
137,Never,Never,Seldom,Never,Never,Never,Never,Seldom,Seldom,Never,Never,Never,Never,Seldom,Never,Never,Never,Never,Never,Never,Never,Never,Never,Never,Never,Never,Never,Never,Never,Never,Seldom,Never,Never,Seldom,Never,Never,Never,Never,Never,Never,Never,Averagely,Averagely,Never,Frequently,Frequently,Frequently,Frequently,Never,Seldom,Frequently,Frequently,Frequently,Seldom,Married
138,Never,Never,Seldom,Never,Never,Never,Never,Seldom,Seldom,Never,Never,Never,Never,Seldom,Never,Never,Never,Never,Never,Never,Never,Never,Never,Never,Never,Never,Never,Never,Never,Never,Seldom,Never,Never,Seldom,Never,Never,Never,Never,Never,Never,Never,Averagely,Averagely,Never,Frequently,Frequently,Frequently,Frequently,Never,Seldom,Frequently,Frequently,Frequently,Seldom,Married
139,Frequently,Seldom,Seldom,Never,Never,Never,Never,Never,Never,Never,Seldom,Never,Never,Seldom,Seldom,Seldom,Never,Never,Never,Never,Never,Never,Never,Never,Never,Never,Never,Never,Never,Never,Never,Never,Never,Never,Never,Never,Never,Frequently,Never,Never,Seldom,Seldom,Seldom,Never,Frequently,Frequently,Averagely,Averagely,Never,Averagely,Averagely,Never,Never,Always,Married
140,Never,Averagely,Never,Never,Never,Seldom,Never,Never,Never,Never,Never,Never,Never,Never,Never,Never,Never,Never,Never,Never,Never,Never,Never,Never,Seldom,Seldom,Never,Never,Never,Averagely,Never,Never,Never,Seldom,Never,Never,Seldom,Seldom,Averagely,Never,Seldom,Averagely,Frequently,Never,Seldom,Seldom,Averagely,Averagely,Seldom,Never,Seldom,Frequently,Averagely,Averagely,Married
141,Never,Seldom,Averagely,Never,Never,Never,Never,Never,Never,Seldom,Seldom,Seldom,Averagely,Seldom,Seldom,Seldom,Never,Never,Seldom,Never,Seldom,Never,Never,Never,Never,Never,Never,Never,Never,Never,Seldom,Seldom,Never,Seldom,Never,Never,Seldom,Seldom,Seldom,Seldom,Seldom,Seldom,Seldom,Never,Seldom,Seldom,Never,Averagely,Seldom,Seldom,Seldom,Seldom,Seldom,Seldom,Married
142,Always,Frequently,Always,Always,Never,Never,Never,Never,Never,Never,Never,Never,Never,Never,Never,Never,Never,Never,Never,Never,Never,Never,Never,Averagely,Never,Never,Never,Never,Never,Never,Never,Never,Never,Never,Never,Never,Never,Never,Never,Never,Never,Never,Never,Never,Never,Never,Never,Always,Always,Always,Always,Never,Never,Never,Married
143,Frequently,Never,Never,Never,Never,Never,Never,Never,Never,Never,Never,Seldom,Seldom,Averagely,Seldom,Never,Never,Seldom,Seldom,Never,Never,Never,Never,Seldom,Never,Never,Seldom,Never,Never,Never,Never,Never,Never,Never,Never,Never,Never,Never,Seldom,Seldom,Never,Never,Frequently,Averagely,Always,Always,Never,Seldom,Never,Never,Seldom,Always,Seldom,Never,Married
144,Never,Never,Averagely,Always,Never,Never,Never,Never,Never,Averagely,Never,Never,Never,Never,Never,Never,Never,Never,Averagely,Never,Never,Never,Never,Never,Never,Never,Never,Never,Never,Never,Never,Averagely,Never,Seldom,Never,Never,Never,Averagely,Never,Never,Averagely,Averagely,Frequently,Never,Frequently,Averagely,Never,Averagely,Always,Never,Never,Seldom,Never,Never,Married
145,Never,Never,Never,Never,Never,Never,Never,Never,Never,Never,Never,Never,Never,Never,Never,Never,Never,Never,Never,Never,Never,Never,Never,Never,Never,Never,Never,Never,Never,Never,Never,Never,Never,Never,Never,Never,Averagely,Seldom,Seldom,Never,Seldom,Frequently,Always,Never,Always,Frequently,Always,Frequently,Seldom,Frequently,Frequently,Never,Seldom,Never,Married
146,Averagely,Seldom,Seldom,Never,Never,Seldom,Never,Never,Never,Never,Never,Seldom,Never,Seldom,Never,Never,Seldom,Never,Seldom,Never,Never,Never,Never,Seldom,Never,Seldom,Seldom,Never,Never,Never,Never,Seldom,Never,Averagely,Never,Never,Seldom,Never,Averagely,Seldom,Averagely,Seldom,Frequently,Seldom,Frequently,Seldom,Seldom,Frequently,Never,Never,Never,Never,Never,Never,Married
147,Never,Never,Seldom,Never,Never,Never,Never,Never,Never,Never,Never,Never,Never,Never,Never,Never,Never,Seldom,Never,Never,Never,Never,Averagely,Averagely,Seldom,Seldom,Seldom,Never,Seldom,Never,Never,Never,Never,Never,Never,Never,Never,Never,Never,Never,Never,Never,Always,Always,Always,Always,Always,Never,Always,Never,Never,Never,Never,Never,Married
148,Never,Never,Never,Never,Never,Never,Never,Never,Never,Averagely,Never,Seldom,Seldom,Never,Never,Never,Never,Never,Never,Never,Seldom,Never,Never,Seldom,Seldom,Never,Never,Never,Seldom,Never,Averagely,Never,Never,Seldom,Never,Never,Seldom,Never,Averagely,Never,Seldom,Frequently,Averagely,Never,Seldom,Frequently,Frequently,Averagely,Averagely,Seldom,Seldom,Averagely,Never,Never,Married
149,Never,Seldom,Never,Never,Never,Never,Never,Never,Never,Never,Never,Never,Never,Never,Never,Never,Seldom,Never,Never,Never,Never,Never,Never,Never,Never,Never,Never,Never,Never,Never,Never,Never,Never,Never,Never,Never,Never,Never,Never,Never,Never,Averagely,Always,Always,Always,Always,Always,Always,Always,Averagely,Averagely,Never,Never,Never,Married
150,Never,Frequently,Averagely,Never,Never,Never,Never,Never,Never,Never,Never,Never,Never,Never,Never,Never,Never,Never,Never,Never,Never,Never,Never,Never,Never,Never,Never,Never,Never,Never,Seldom,Never,Never,Never,Never,Never,Never,Never,Seldom,Never,Never,Always,Always,Never,Always,Always,Always,Frequently,Seldom,Seldom,Seldom,Averagely,Never,Seldom,Married
151,Never,Seldom,Seldom,Seldom,Seldom,Never,Never,Never,Never,Never,Seldom,Seldom,Averagely,Seldom,Seldom,Seldom,Seldom,Seldom,Seldom,Never,Never,Never,Never,Never,Never,Never,Never,Never,Never,Never,Never,Never,Never,Never,Never,Never,Seldom,Seldom,Seldom,Never,Never,Seldom,Seldom,Never,Seldom,Frequently,Seldom,Averagely,Seldom,Averagely,Averagely,Averagely,Averagely,Seldom,Married
152,Seldom,Never,Never,Never,Never,Seldom,Never,Never,Never,Seldom,Seldom,Never,Seldom,Seldom,Seldom,Seldom,Never,Seldom,Never,Never,Never,Never,Never,Seldom,Seldom,Never,Never,Never,Never,Seldom,Seldom,Never,Never,Never,Never,Never,Never,Never,Never,Never,Never,Averagely,Always,Seldom,Never,Averagely,Seldom,Averagely,Seldom,Averagely,Averagely,Always,Averagely,Never,Married
153,Averagely,Averagely,Frequently,Never,Never,Seldom,Never,Never,Never,Seldom,Seldom,Seldom,Seldom,Seldom,Seldom,Seldom,Seldom,Seldom,Seldom,Seldom,Seldom,Never,Never,Never,Never,Never,Never,Never,Never,Never,Averagely,Never,Never,Never,Never,Never,Never,Never,Never,Never,Never,Never,Averagely,Never,Averagely,Averagely,Seldom,Seldom,Seldom,Seldom,Seldom,Seldom,Seldom,Seldom,Married
154,Seldom,Never,Seldom,Never,Seldom,Seldom,Never,Never,Never,Seldom,Never,Never,Seldom,Seldom,Seldom,Never,Never,Seldom,Never,Seldom,Never,Never,Never,Never,Never,Never,Never,Never,Never,Never,Seldom,Seldom,Seldom,Seldom,Never,Never,Seldom,Never,Seldom,Seldom,Seldom,Seldom,Seldom,Seldom,Seldom,Never,Never,Averagely,Seldom,Averagely,Averagely,Averagely,Averagely,Frequently,Married
155,Averagely,Seldom,Never,Averagely,Never,Never,Never,Never,Never,Seldom,Seldom,Seldom,Seldom,Never,Seldom,Never,Seldom,Seldom,Never,Never,Never,Never,Never,Seldom,Seldom,Seldom,Never,Never,Never,Never,Never,Never,Seldom,Never,Seldom,Never,Seldom,Never,Seldom,Never,Never,Never,Seldom,Never,Never,Frequently,Never,Averagely,Averagely,Averagely,Averagely,Averagely,Averagely,Seldom,Married
156,Never,Never,Seldom,Seldom,Never,Never,Never,Never,Never,Averagely,Seldom,Averagely,Seldom,Seldom,Seldom,Never,Never,Never,Never,Never,Never,Never,Never,Never,Seldom,Never,Never,Never,Never,Seldom,Averagely,Seldom,Never,Averagely,Never,Never,Seldom,Seldom,Seldom,Seldom,Never,Averagely,Averagely,Never,Never,Averagely,Seldom,Averagely,Seldom,Averagely,Averagely,Seldom,Never,Never,Married
157,Never,Seldom,Never,Never,Never,Seldom,Never,Averagely,Never,Never,Seldom,Never,Seldom,Never,Never,Never,Never,Never,Never,Never,Never,Never,Averagely,Averagely,Never,Never,Seldom,Seldom,Never,Never,Seldom,Never,Never,Never,Never,Never,Never,Never,Never,Never,Frequently,Seldom,Seldom,Never,Seldom,Frequently,Frequently,Averagely,Never,Never,Never,Always,Always,Averagely,Married
158,Never,Seldom,Never,Seldom,Never,Never,Never,Never,Never,Seldom,Seldom,Averagely,Averagely,Never,Never,Never,Never,Never,Never,Never,Never,Never,Never,Never,Never,Seldom,Seldom,Seldom,Never,Never,Averagely,Seldom,Never,Never,Never,Never,Seldom,Seldom,Averagely,Seldom,Never,Averagely,Averagely,Averagely,Seldom,Never,Seldom,Frequently,Averagely,Averagely,Averagely,Seldom,Never,Never,Married
159,Never,Never,Never,Never,Never,Never,Never,Never,Never,Seldom,Never,Seldom,Averagely,Never,Seldom,Never,Never,Never,Never,Never,Never,Never,Never,Never,Never,Never,Never,Never,Never,Never,Averagely,Seldom,Seldom,Seldom,Never,Never,Seldom,Seldom,Averagely,Seldom,Seldom,Frequently,Averagely,Never,Averagely,Seldom,Averagely,Frequently,Averagely,Averagely,Averagely,Seldom,Seldom,Never,Married
160,Averagely,Never,Averagely,Never,Never,Never,Never,Never,Never,Averagely,Never,Never,Averagely,Never,Never,Seldom,Seldom,Never,Never,Never,Seldom,Seldom,Never,Never,Never,Never,Never,Never,Never,Never,Seldom,Seldom,Never,Seldom,Seldom,Seldom,Seldom,Never,Seldom,Seldom,Never,Averagely,Seldom,Never,Never,Frequently,Averagely,Averagely,Seldom,Seldom,Seldom,Seldom,Averagely,Seldom,Married
161,Seldom,Seldom,Averagely,Never,Averagely,Seldom,Never,Averagely,Seldom,Averagely,Seldom,Seldom,Averagely,Never,Averagely,Seldom,Averagely,Seldom,Never,Never,Never,Seldom,Never,Seldom,Seldom,Never,Seldom,Never,Never,Never,Never,Never,Never,Seldom,Never,Never,Never,Never,Never,Never,Never,Never,Never,Never,Seldom,Seldom,Seldom,Never,Seldom,Averagely,Averagely,Never,Seldom,Seldom,Married
162,Never,Never,Never,Never,Never,Averagely,Never,Never,Never,Never,Never,Never,Never,Never,Never,Never,Never,Never,Never,Never,Never,Never,Never,Averagely,Never,Never,Never,Never,Never,Never,Never,Never,Never,Never,Never,Never,Seldom,Never,Never,Never,Never,Never,Averagely,Averagely,Always,Always,Always,Averagely,Averagely,Averagely,Averagely,Always,Averagely,Averagely,Married
163,Averagely,Never,Seldom,Never,Never,Never,Never,Never,Never,Averagely,Seldom,Never,Seldom,Never,Averagely,Averagely,Seldom,Never,Never,Never,Seldom,Never,Never,Seldom,Never,Seldom,Never,Never,Never,Never,Averagely,Never,Never,Never,Never,Never,Averagely,Averagely,Seldom,Never,Never,Averagely,Averagely,Seldom,Averagely,Frequently,Never,Averagely,Never,Never,Averagely,Seldom,Never,Never,Married
164,Averagely,Seldom,Seldom,Never,Never,Averagely,Never,Never,Never,Averagely,Never,Seldom,Seldom,Seldom,Seldom,Never,Never,Never,Never,Never,Never,Never,Never,Never,Seldom,Seldom,Never,Never,Never,Seldom,Seldom,Seldom,Averagely,Averagely,Never,Never,Never,Never,Never,Never,Seldom,Never,Seldom,Averagely,Never,Seldom,Never,Frequently,Seldom,Seldom,Frequently,Seldom,Seldom,Seldom,Married
165,Never,Never,Never,Never,Never,Never,Never,Never,Never,Never,Never,Never,Never,Never,Never,Never,Never,Never,Never,Never,Never,Never,Never,Never,Never,Never,Never,Never,Never,Never,Always,Always,Frequently,Always,Never,Never,Always,Never,Seldom,Never,Seldom,Never,Never,Never,Never,Seldom,Never,Always,Seldom,Seldom,Always,Averagely,Averagely,Averagely,Married
166,Never,Never,Never,Never,Never,Never,Never,Never,Never,Never,Never,Never,Never,Never,Never,Never,Never,Never,Never,Never,Never,Never,Never,Never,Never,Never,Never,Never,Never,Never,Never,Seldom,Seldom,Seldom,Seldom,Seldom,Seldom,Seldom,Seldom,Seldom,Seldom,Seldom,Frequently,Seldom,Frequently,Always,Seldom,Averagely,Averagely,Averagely,Averagely,Frequently,Averagely,Averagely,Married
167,Seldom,Seldom,Never,Never,Never,Never,Never,Never,Never,Seldom,Never,Seldom,Seldom,Never,Never,Seldom,Never,Never,Never,Seldom,Never,Never,Never,Never,Seldom,Seldom,Seldom,Never,Never,Seldom,Seldom,Seldom,Never,Seldom,Never,Never,Seldom,Seldom,Seldom,Averagely,Seldom,Frequently,Frequently,Never,Averagely,Frequently,Never,Averagely,Never,Seldom,Seldom,Frequently,Never,Never,Married
168,Never,Never,Never,Never,Never,Never,Never,Never,Never,Never,Never,Seldom,Never,Never,Never,Never,Never,Never,Never,Never,Never,Never,Never,Never,Never,Never,Never,Never,Never,Never,Never,Never,Never,Seldom,Never,Never,Seldom,Never,Always,Seldom,Averagely,Seldom,Seldom,Never,Always,Frequently,Frequently,Averagely,Averagely,Frequently,Averagely,Always,Frequently,Seldom,Married
169,Never,Never,Never,Never,Never,Never,Never,Seldom,Never,Never,Never,Seldom,Seldom,Seldom,Never,Never,Never,Never,Never,Seldom,Seldom,Never,Seldom,Seldom,Never,Never,Never,Never,Never,Never,Seldom,Frequently,Never,Never,Never,Never,Never,Never,Never,Never,Never,Averagely,Averagely,Never,Seldom,Frequently,Always,Always,Never,Seldom,Frequently,Frequently,Frequently,Seldom,Married
